Date,Day_of_Week,Month,Season,Holiday,Is_Weekend,Is_Holiday
2020-01-01,Wednesday,January,Winter,False,0,0
2020-01-02,Thursday,January,Winter,False,0,0
2020-01-03,Friday,January,Winter,False,0,0
2020-01-04,Saturday,January,Winter,False,1,0
2020-01-05,Sunday,January,Winter,False,1,0
2020-01-06,Monday,January,Winter,False,0,0
2020-01-07,Tuesday,January,Winter,False,0,0
2020-01-08,Wednesday,January,Winter,True,0,1
2020-01-09,Thursday,January,Winter,False,0,0
2020-01-10,Friday,January,Winter,False,0,0
2020-01-11,Saturday,January,Winter,False,1,0
2020-01-12,Sunday,January,Winter,False,1,0
2020-01-13,Monday,January,Winter,False,0,0
2020-01-14,Tuesday,January,Winter,False,0,0
2020-01-15,Wednesday,January,Winter,False,0,0
2020-01-16,Thursday,January,Winter,False,0,0
2020-01-17,Friday,January,Winter,False,0,0
2020-01-18,Saturday,January,Winter,True,1,1
2020-01-19,Sunday,January,Winter,False,1,0
2020-01-20,Monday,January,Winter,False,0,0
2020-01-21,Tuesday,January,Winter,False,0,0
2020-01-22,Wednesday,January,Winter,False,0,0
2020-01-23,Thursday,January,Winter,False,0,0
2020-01-24,Friday,January,Winter,False,0,0
2020-01-25,Saturday,January,Winter,False,1,0
2020-01-26,Sunday,January,Winter,True,1,1
2020-01-27,Monday,January,Winter,False,0,0
2020-01-28,Tuesday,January,Winter,False,0,0
2020-01-29,Wednesday,January,Winter,False,0,0
2020-01-30,Thursday,January,Winter,False,0,0
2020-01-31,Friday,January,Winter,False,0,0
2020-02-01,Saturday,February,Winter,False,1,0
2020-02-02,Sunday,February,Winter,False,1,0
2020-02-03,Monday,February,Winter,False,0,0
2020-02-04,Tuesday,February,Winter,False,0,0
2020-02-05,Wednesday,February,Winter,False,0,0
2020-02-06,Thursday,February,Winter,False,0,0
2020-02-07,Friday,February,Winter,False,0,0
2020-02-08,Saturday,February,Winter,False,1,0
2020-02-09,Sunday,February,Winter,False,1,0
2020-02-10,Monday,February,Winter,False,0,0
2020-02-11,Tuesday,February,Winter,False,0,0
2020-02-12,Wednesday,February,Winter,False,0,0
2020-02-13,Thursday,February,Winter,True,0,1
2020-02-14,Friday,February,Winter,False,0,0
2020-02-15,Saturday,February,Winter,False,1,0
2020-02-16,Sunday,February,Winter,False,1,0
2020-02-17,Monday,February,Winter,False,0,0
2020-02-18,Tuesday,February,Winter,False,0,0
2020-02-19,Wednesday,February,Winter,False,0,0
2020-02-20,Thursday,February,Winter,False,0,0
2020-02-21,Friday,February,Winter,False,0,0
2020-02-22,Saturday,February,Winter,False,1,0
2020-02-23,Sunday,February,Winter,False,1,0
2020-02-24,Monday,February,Winter,False,0,0
2020-02-25,Tuesday,February,Winter,False,0,0
2020-02-26,Wednesday,February,Winter,False,0,0
2020-02-27,Thursday,February,Winter,False,0,0
2020-02-28,Friday,February,Winter,False,0,0
2020-02-29,Saturday,February,Winter,False,1,0
2020-03-01,Sunday,March,Spring,False,1,0
2020-03-02,Monday,March,Spring,False,0,0
2020-03-03,Tuesday,March,Spring,False,0,0
2020-03-04,Wednesday,March,Spring,False,0,0
2020-03-05,Thursday,March,Spring,False,0,0
2020-03-06,Friday,March,Spring,False,0,0
2020-03-07,Saturday,March,Spring,False,1,0
2020-03-08,Sunday,March,Spring,False,1,0
2020-03-09,Monday,March,Spring,False,0,0
2020-03-10,Tuesday,March,Spring,False,0,0
2020-03-11,Wednesday,March,Spring,False,0,0
2020-03-12,Thursday,March,Spring,False,0,0
2020-03-13,Friday,March,Spring,False,0,0
2020-03-14,Saturday,March,Spring,False,1,0
2020-03-15,Sunday,March,Spring,False,1,0
2020-03-16,Monday,March,Spring,False,0,0
2020-03-17,Tuesday,March,Spring,False,0,0
2020-03-18,Wednesday,March,Spring,False,0,0
2020-03-19,Thursday,March,Spring,False,0,0
2020-03-20,Friday,March,Spring,False,0,0
2020-03-21,Saturday,March,Spring,False,1,0
2020-03-22,Sunday,March,Spring,False,1,0
2020-03-23,Monday,March,Spring,False,0,0
2020-03-24,Tuesday,March,Spring,True,0,1
2020-03-25,Wednesday,March,Spring,False,0,0
2020-03-26,Thursday,March,Spring,False,0,0
2020-03-27,Friday,March,Spring,False,0,0
2020-03-28,Saturday,March,Spring,False,1,0
2020-03-29,Sunday,March,Spring,False,1,0
2020-03-30,Monday,March,Spring,False,0,0
2020-03-31,Tuesday,March,Spring,False,0,0
2020-04-01,Wednesday,April,Spring,False,0,0
2020-04-02,Thursday,April,Spring,False,0,0
2020-04-03,Friday,April,Spring,False,0,0
2020-04-04,Saturday,April,Spring,False,1,0
2020-04-05,Sunday,April,Spring,False,1,0
2020-04-06,Monday,April,Spring,False,0,0
2020-04-07,Tuesday,April,Spring,False,0,0
2020-04-08,Wednesday,April,Spring,False,0,0
2020-04-09,Thursday,April,Spring,False,0,0
2020-04-10,Friday,April,Spring,False,0,0
2020-04-11,Saturday,April,Spring,False,1,0
2020-04-12,Sunday,April,Spring,False,1,0
2020-04-13,Monday,April,Spring,False,0,0
2020-04-14,Tuesday,April,Spring,False,0,0
2020-04-15,Wednesday,April,Spring,False,0,0
2020-04-16,Thursday,April,Spring,False,0,0
2020-04-17,Friday,April,Spring,True,0,1
2020-04-18,Saturday,April,Spring,False,1,0
2020-04-19,Sunday,April,Spring,False,1,0
2020-04-20,Monday,April,Spring,False,0,0
2020-04-21,Tuesday,April,Spring,False,0,0
2020-04-22,Wednesday,April,Spring,False,0,0
2020-04-23,Thursday,April,Spring,False,0,0
2020-04-24,Friday,April,Spring,False,0,0
2020-04-25,Saturday,April,Spring,False,1,0
2020-04-26,Sunday,April,Spring,False,1,0
2020-04-27,Monday,April,Spring,False,0,0
2020-04-28,Tuesday,April,Spring,True,0,1
2020-04-29,Wednesday,April,Spring,False,0,0
2020-04-30,Thursday,April,Spring,False,0,0
2020-05-01,Friday,May,Spring,False,0,0
2020-05-02,Saturday,May,Spring,False,1,0
2020-05-03,Sunday,May,Spring,False,1,0
2020-05-04,Monday,May,Spring,False,0,0
2020-05-05,Tuesday,May,Spring,False,0,0
2020-05-06,Wednesday,May,Spring,False,0,0
2020-05-07,Thursday,May,Spring,True,0,1
2020-05-08,Friday,May,Spring,False,0,0
2020-05-09,Saturday,May,Spring,False,1,0
2020-05-10,Sunday,May,Spring,False,1,0
2020-05-11,Monday,May,Spring,False,0,0
2020-05-12,Tuesday,May,Spring,False,0,0
2020-05-13,Wednesday,May,Spring,False,0,0
2020-05-14,Thursday,May,Spring,False,0,0
2020-05-15,Friday,May,Spring,False,0,0
2020-05-16,Saturday,May,Spring,False,1,0
2020-05-17,Sunday,May,Spring,False,1,0
2020-05-18,Monday,May,Spring,False,0,0
2020-05-19,Tuesday,May,Spring,False,0,0
2020-05-20,Wednesday,May,Spring,False,0,0
2020-05-21,Thursday,May,Spring,False,0,0
2020-05-22,Friday,May,Spring,True,0,1
2020-05-23,Saturday,May,Spring,True,1,1
2020-05-24,Sunday,May,Spring,False,1,0
2020-05-25,Monday,May,Spring,False,0,0
2020-05-26,Tuesday,May,Spring,True,0,1
2020-05-27,Wednesday,May,Spring,False,0,0
2020-05-28,Thursday,May,Spring,True,0,1
2020-05-29,Friday,May,Spring,False,0,0
2020-05-30,Saturday,May,Spring,True,1,1
2020-05-31,Sunday,May,Spring,False,1,0
2020-06-01,Monday,June,Summer,False,0,0
2020-06-02,Tuesday,June,Summer,False,0,0
2020-06-03,Wednesday,June,Summer,False,0,0
2020-06-04,Thursday,June,Summer,False,0,0
2020-06-05,Friday,June,Summer,False,0,0
2020-06-06,Saturday,June,Summer,False,1,0
2020-06-07,Sunday,June,Summer,False,1,0
2020-06-08,Monday,June,Summer,False,0,0
2020-06-09,Tuesday,June,Summer,True,0,1
2020-06-10,Wednesday,June,Summer,False,0,0
2020-06-11,Thursday,June,Summer,False,0,0
2020-06-12,Friday,June,Summer,False,0,0
2020-06-13,Saturday,June,Summer,False,1,0
2020-06-14,Sunday,June,Summer,False,1,0
2020-06-15,Monday,June,Summer,False,0,0
2020-06-16,Tuesday,June,Summer,False,0,0
2020-06-17,Wednesday,June,Summer,False,0,0
2020-06-18,Thursday,June,Summer,False,0,0
2020-06-19,Friday,June,Summer,False,0,0
2020-06-20,Saturday,June,Summer,False,1,0
2020-06-21,Sunday,June,Summer,False,1,0
2020-06-22,Monday,June,Summer,False,0,0
2020-06-23,Tuesday,June,Summer,False,0,0
2020-06-24,Wednesday,June,Summer,False,0,0
2020-06-25,Thursday,June,Summer,True,0,1
2020-06-26,Friday,June,Summer,False,0,0
2020-06-27,Saturday,June,Summer,False,1,0
2020-06-28,Sunday,June,Summer,False,1,0
2020-06-29,Monday,June,Summer,False,0,0
2020-06-30,Tuesday,June,Summer,False,0,0
2020-07-01,Wednesday,July,Summer,True,0,1
2020-07-02,Thursday,July,Summer,False,0,0
2020-07-03,Friday,July,Summer,False,0,0
2020-07-04,Saturday,July,Summer,True,1,1
2020-07-05,Sunday,July,Summer,False,1,0
2020-07-06,Monday,July,Summer,False,0,0
2020-07-07,Tuesday,July,Summer,False,0,0
2020-07-08,Wednesday,July,Summer,True,0,1
2020-07-09,Thursday,July,Summer,False,0,0
2020-07-10,Friday,July,Summer,False,0,0
2020-07-11,Saturday,July,Summer,False,1,0
2020-07-12,Sunday,July,Summer,False,1,0
2020-07-13,Monday,July,Summer,False,0,0
2020-07-14,Tuesday,July,Summer,False,0,0
2020-07-15,Wednesday,July,Summer,False,0,0
2020-07-16,Thursday,July,Summer,True,0,1
2020-07-17,Friday,July,Summer,False,0,0
2020-07-18,Saturday,July,Summer,False,1,0
2020-07-19,Sunday,July,Summer,False,1,0
2020-07-20,Monday,July,Summer,False,0,0
2020-07-21,Tuesday,July,Summer,True,0,1
2020-07-22,Wednesday,July,Summer,True,0,1
2020-07-23,Thursday,July,Summer,False,0,0
2020-07-24,Friday,July,Summer,False,0,0
2020-07-25,Saturday,July,Summer,False,1,0
2020-07-26,Sunday,July,Summer,True,1,1
2020-07-27,Monday,July,Summer,False,0,0
2020-07-28,Tuesday,July,Summer,False,0,0
2020-07-29,Wednesday,July,Summer,False,0,0
2020-07-30,Thursday,July,Summer,False,0,0
2020-07-31,Friday,July,Summer,False,0,0
2020-08-01,Saturday,August,Summer,True,1,1
2020-08-02,Sunday,August,Summer,False,1,0
2020-08-03,Monday,August,Summer,False,0,0
2020-08-04,Tuesday,August,Summer,False,0,0
2020-08-05,Wednesday,August,Summer,True,0,1
2020-08-06,Thursday,August,Summer,False,0,0
2020-08-07,Friday,August,Summer,False,0,0
2020-08-08,Saturday,August,Summer,False,1,0
2020-08-09,Sunday,August,Summer,False,1,0
2020-08-10,Monday,August,Summer,False,0,0
2020-08-11,Tuesday,August,Summer,False,0,0
2020-08-12,Wednesday,August,Summer,False,0,0
2020-08-13,Thursday,August,Summer,False,0,0
2020-08-14,Friday,August,Summer,False,0,0
2020-08-15,Saturday,August,Summer,False,1,0
2020-08-16,Sunday,August,Summer,False,1,0
2020-08-17,Monday,August,Summer,False,0,0
2020-08-18,Tuesday,August,Summer,False,0,0
2020-08-19,Wednesday,August,Summer,False,0,0
2020-08-20,Thursday,August,Summer,False,0,0
2020-08-21,Friday,August,Summer,False,0,0
2020-08-22,Saturday,August,Summer,False,1,0
2020-08-23,Sunday,August,Summer,False,1,0
2020-08-24,Monday,August,Summer,False,0,0
2020-08-25,Tuesday,August,Summer,False,0,0
2020-08-26,Wednesday,August,Summer,False,0,0
2020-08-27,Thursday,August,Summer,False,0,0
2020-08-28,Friday,August,Summer,True,0,1
2020-08-29,Saturday,August,Summer,False,1,0
2020-08-30,Sunday,August,Summer,False,1,0
2020-08-31,Monday,August,Summer,False,0,0
2020-09-01,Tuesday,September,Fall,False,0,0
2020-09-02,Wednesday,September,Fall,False,0,0
2020-09-03,Thursday,September,Fall,False,0,0
2020-09-04,Friday,September,Fall,False,0,0
2020-09-05,Saturday,September,Fall,False,1,0
2020-09-06,Sunday,September,Fall,False,1,0
2020-09-07,Monday,September,Fall,False,0,0
2020-09-08,Tuesday,September,Fall,False,0,0
2020-09-09,Wednesday,September,Fall,True,0,1
2020-09-10,Thursday,September,Fall,False,0,0
2020-09-11,Friday,September,Fall,False,0,0
2020-09-12,Saturday,September,Fall,False,1,0
2020-09-13,Sunday,September,Fall,False,1,0
2020-09-14,Monday,September,Fall,False,0,0
2020-09-15,Tuesday,September,Fall,False,0,0
2020-09-16,Wednesday,September,Fall,False,0,0
2020-09-17,Thursday,September,Fall,False,0,0
2020-09-18,Friday,September,Fall,False,0,0
2020-09-19,Saturday,September,Fall,False,1,0
2020-09-20,Sunday,September,Fall,False,1,0
2020-09-21,Monday,September,Fall,False,0,0
2020-09-22,Tuesday,September,Fall,False,0,0
2020-09-23,Wednesday,September,Fall,False,0,0
2020-09-24,Thursday,September,Fall,False,0,0
2020-09-25,Friday,September,Fall,False,0,0
2020-09-26,Saturday,September,Fall,False,1,0
2020-09-27,Sunday,September,Fall,False,1,0
2020-09-28,Monday,September,Fall,False,0,0
2020-09-29,Tuesday,September,Fall,False,0,0
2020-09-30,Wednesday,September,Fall,False,0,0
2020-10-01,Thursday,October,Fall,True,0,1
2020-10-02,Friday,October,Fall,True,0,1
2020-10-03,Saturday,October,Fall,False,1,0
2020-10-04,Sunday,October,Fall,False,1,0
2020-10-05,Monday,October,Fall,False,0,0
2020-10-06,Tuesday,October,Fall,False,0,0
2020-10-07,Wednesday,October,Fall,False,0,0
2020-10-08,Thursday,October,Fall,False,0,0
2020-10-09,Friday,October,Fall,False,0,0
2020-10-10,Saturday,October,Fall,True,1,1
2020-10-11,Sunday,October,Fall,True,1,1
2020-10-12,Monday,October,Fall,False,0,0
2020-10-13,Tuesday,October,Fall,False,0,0
2020-10-14,Wednesday,October,Fall,False,0,0
2020-10-15,Thursday,October,Fall,False,0,0
2020-10-16,Friday,October,Fall,False,0,0
2020-10-17,Saturday,October,Fall,False,1,0
2020-10-18,Sunday,October,Fall,False,1,0
2020-10-19,Monday,October,Fall,False,0,0
2020-10-20,Tuesday,October,Fall,False,0,0
2020-10-21,Wednesday,October,Fall,True,0,1
2020-10-22,Thursday,October,Fall,False,0,0
2020-10-23,Friday,October,Fall,False,0,0
2020-10-24,Saturday,October,Fall,False,1,0
2020-10-25,Sunday,October,Fall,False,1,0
2020-10-26,Monday,October,Fall,False,0,0
2020-10-27,Tuesday,October,Fall,False,0,0
2020-10-28,Wednesday,October,Fall,False,0,0
2020-10-29,Thursday,October,Fall,False,0,0
2020-10-30,Friday,October,Fall,False,0,0
2020-10-31,Saturday,October,Fall,False,1,0
2020-11-01,Sunday,November,Fall,False,1,0
2020-11-02,Monday,November,Fall,False,0,0
2020-11-03,Tuesday,November,Fall,False,0,0
2020-11-04,Wednesday,November,Fall,False,0,0
2020-11-05,Thursday,November,Fall,False,0,0
2020-11-06,Friday,November,Fall,False,0,0
2020-11-07,Saturday,November,Fall,False,1,0
2020-11-08,Sunday,November,Fall,False,1,0
2020-11-09,Monday,November,Fall,False,0,0
2020-11-10,Tuesday,November,Fall,False,0,0
2020-11-11,Wednesday,November,Fall,False,0,0
2020-11-12,Thursday,November,Fall,False,0,0
2020-11-13,Friday,November,Fall,False,0,0
2020-11-14,Saturday,November,Fall,False,1,0
2020-11-15,Sunday,November,Fall,False,1,0
2020-11-16,Monday,November,Fall,False,0,0
2020-11-17,Tuesday,November,Fall,False,0,0
2020-11-18,Wednesday,November,Fall,False,0,0
2020-11-19,Thursday,November,Fall,False,0,0
2020-11-20,Friday,November,Fall,False,0,0
2020-11-21,Saturday,November,Fall,False,1,0
2020-11-22,Sunday,November,Fall,False,1,0
2020-11-23,Monday,November,Fall,False,0,0
2020-11-24,Tuesday,November,Fall,False,0,0
2020-11-25,Wednesday,November,Fall,False,0,0
2020-11-26,Thursday,November,Fall,False,0,0
2020-11-27,Friday,November,Fall,False,0,0
2020-11-28,Saturday,November,Fall,False,1,0
2020-11-29,Sunday,November,Fall,False,1,0
2020-11-30,Monday,November,Fall,False,0,0
2020-12-01,Tuesday,December,Winter,True,0,1
2020-12-02,Wednesday,December,Winter,False,0,0
2020-12-03,Thursday,December,Winter,False,0,0
2020-12-04,Friday,December,Winter,False,0,0
2020-12-05,Saturday,December,Winter,False,1,0
2020-12-06,Sunday,December,Winter,False,1,0
2020-12-07,Monday,December,Winter,False,0,0
2020-12-08,Tuesday,December,Winter,True,0,1
2020-12-09,Wednesday,December,Winter,False,0,0
2020-12-10,Thursday,December,Winter,False,0,0
2020-12-11,Friday,December,Winter,False,0,0
2020-12-12,Saturday,December,Winter,False,1,0
2020-12-13,Sunday,December,Winter,True,1,1
2020-12-14,Monday,December,Winter,False,0,0
2020-12-15,Tuesday,December,Winter,False,0,0
2020-12-16,Wednesday,December,Winter,False,0,0
2020-12-17,Thursday,December,Winter,False,0,0
2020-12-18,Friday,December,Winter,False,0,0
2020-12-19,Saturday,December,Winter,False,1,0
2020-12-20,Sunday,December,Winter,False,1,0
2020-12-21,Monday,December,Winter,False,0,0
2020-12-22,Tuesday,December,Winter,False,0,0
2020-12-23,Wednesday,December,Winter,True,0,1
2020-12-24,Thursday,December,Winter,False,0,0
2020-12-25,Friday,December,Winter,False,0,0
2020-12-26,Saturday,December,Winter,False,1,0
2020-12-27,Sunday,December,Winter,False,1,0
2020-12-28,Monday,December,Winter,False,0,0
2020-12-29,Tuesday,December,Winter,False,0,0
2020-12-30,Wednesday,December,Winter,False,0,0
2020-12-31,Thursday,December,Winter,False,0,0
2021-01-01,Friday,January,Winter,False,0,0
2021-01-02,Saturday,January,Winter,False,1,0
2021-01-03,Sunday,January,Winter,False,1,0
2021-01-04,Monday,January,Winter,True,0,1
2021-01-05,Tuesday,January,Winter,False,0,0
2021-01-06,Wednesday,January,Winter,False,0,0
2021-01-07,Thursday,January,Winter,False,0,0
2021-01-08,Friday,January,Winter,False,0,0
2021-01-09,Saturday,January,Winter,False,1,0
2021-01-10,Sunday,January,Winter,True,1,1
2021-01-11,Monday,January,Winter,False,0,0
2021-01-12,Tuesday,January,Winter,False,0,0
2021-01-13,Wednesday,January,Winter,False,0,0
2021-01-14,Thursday,January,Winter,False,0,0
2021-01-15,Friday,January,Winter,True,0,1
2021-01-16,Saturday,January,Winter,False,1,0
2021-01-17,Sunday,January,Winter,False,1,0
2021-01-18,Monday,January,Winter,False,0,0
2021-01-19,Tuesday,January,Winter,False,0,0
2021-01-20,Wednesday,January,Winter,False,0,0
2021-01-21,Thursday,January,Winter,False,0,0
2021-01-22,Friday,January,Winter,False,0,0
2021-01-23,Saturday,January,Winter,False,1,0
2021-01-24,Sunday,January,Winter,False,1,0
2021-01-25,Monday,January,Winter,False,0,0
2021-01-26,Tuesday,January,Winter,False,0,0
2021-01-27,Wednesday,January,Winter,False,0,0
2021-01-28,Thursday,January,Winter,True,0,1
2021-01-29,Friday,January,Winter,True,0,1
2021-01-30,Saturday,January,Winter,False,1,0
2021-01-31,Sunday,January,Winter,True,1,1
2021-02-01,Monday,February,Winter,True,0,1
2021-02-02,Tuesday,February,Winter,False,0,0
2021-02-03,Wednesday,February,Winter,False,0,0
2021-02-04,Thursday,February,Winter,False,0,0
2021-02-05,Friday,February,Winter,False,0,0
2021-02-06,Saturday,February,Winter,False,1,0
2021-02-07,Sunday,February,Winter,False,1,0
2021-02-08,Monday,February,Winter,False,0,0
2021-02-09,Tuesday,February,Winter,False,0,0
2021-02-10,Wednesday,February,Winter,False,0,0
2021-02-11,Thursday,February,Winter,False,0,0
2021-02-12,Friday,February,Winter,False,0,0
2021-02-13,Saturday,February,Winter,False,1,0
2021-02-14,Sunday,February,Winter,False,1,0
2021-02-15,Monday,February,Winter,False,0,0
2021-02-16,Tuesday,February,Winter,False,0,0
2021-02-17,Wednesday,February,Winter,True,0,1
2021-02-18,Thursday,February,Winter,False,0,0
2021-02-19,Friday,February,Winter,True,0,1
2021-02-20,Saturday,February,Winter,False,1,0
2021-02-21,Sunday,February,Winter,False,1,0
2021-02-22,Monday,February,Winter,False,0,0
2021-02-23,Tuesday,February,Winter,False,0,0
2021-02-24,Wednesday,February,Winter,False,0,0
2021-02-25,Thursday,February,Winter,False,0,0
2021-02-26,Friday,February,Winter,True,0,1
2021-02-27,Saturday,February,Winter,False,1,0
2021-02-28,Sunday,February,Winter,False,1,0
2021-03-01,Monday,March,Spring,False,0,0
2021-03-02,Tuesday,March,Spring,False,0,0
2021-03-03,Wednesday,March,Spring,False,0,0
2021-03-04,Thursday,March,Spring,False,0,0
2021-03-05,Friday,March,Spring,False,0,0
2021-03-06,Saturday,March,Spring,False,1,0
2021-03-07,Sunday,March,Spring,False,1,0
2021-03-08,Monday,March,Spring,False,0,0
2021-03-09,Tuesday,March,Spring,False,0,0
2021-03-10,Wednesday,March,Spring,False,0,0
2021-03-11,Thursday,March,Spring,False,0,0
2021-03-12,Friday,March,Spring,True,0,1
2021-03-13,Saturday,March,Spring,False,1,0
2021-03-14,Sunday,March,Spring,False,1,0
2021-03-15,Monday,March,Spring,False,0,0
2021-03-16,Tuesday,March,Spring,False,0,0
2021-03-17,Wednesday,March,Spring,False,0,0
2021-03-18,Thursday,March,Spring,False,0,0
2021-03-19,Friday,March,Spring,False,0,0
2021-03-20,Saturday,March,Spring,False,1,0
2021-03-21,Sunday,March,Spring,False,1,0
2021-03-22,Monday,March,Spring,False,0,0
2021-03-23,Tuesday,March,Spring,False,0,0
2021-03-24,Wednesday,March,Spring,True,0,1
2021-03-25,Thursday,March,Spring,True,0,1
2021-03-26,Friday,March,Spring,False,0,0
2021-03-27,Saturday,March,Spring,False,1,0
2021-03-28,Sunday,March,Spring,False,1,0
2021-03-29,Monday,March,Spring,False,0,0
2021-03-30,Tuesday,March,Spring,False,0,0
2021-03-31,Wednesday,March,Spring,False,0,0
2021-04-01,Thursday,April,Spring,False,0,0
2021-04-02,Friday,April,Spring,False,0,0
2021-04-03,Saturday,April,Spring,False,1,0
2021-04-04,Sunday,April,Spring,False,1,0
2021-04-05,Monday,April,Spring,False,0,0
2021-04-06,Tuesday,April,Spring,False,0,0
2021-04-07,Wednesday,April,Spring,False,0,0
2021-04-08,Thursday,April,Spring,False,0,0
2021-04-09,Friday,April,Spring,False,0,0
2021-04-10,Saturday,April,Spring,False,1,0
2021-04-11,Sunday,April,Spring,False,1,0
2021-04-12,Monday,April,Spring,False,0,0
2021-04-13,Tuesday,April,Spring,False,0,0
2021-04-14,Wednesday,April,Spring,False,0,0
2021-04-15,Thursday,April,Spring,False,0,0
2021-04-16,Friday,April,Spring,True,0,1
2021-04-17,Saturday,April,Spring,False,1,0
2021-04-18,Sunday,April,Spring,False,1,0
2021-04-19,Monday,April,Spring,False,0,0
2021-04-20,Tuesday,April,Spring,False,0,0
2021-04-21,Wednesday,April,Spring,False,0,0
2021-04-22,Thursday,April,Spring,False,0,0
2021-04-23,Friday,April,Spring,False,0,0
2021-04-24,Saturday,April,Spring,True,1,1
2021-04-25,Sunday,April,Spring,False,1,0
2021-04-26,Monday,April,Spring,False,0,0
2021-04-27,Tuesday,April,Spring,False,0,0
2021-04-28,Wednesday,April,Spring,False,0,0
2021-04-29,Thursday,April,Spring,False,0,0
2021-04-30,Friday,April,Spring,True,0,1
2021-05-01,Saturday,May,Spring,False,1,0
2021-05-02,Sunday,May,Spring,True,1,1
2021-05-03,Monday,May,Spring,False,0,0
2021-05-04,Tuesday,May,Spring,False,0,0
2021-05-05,Wednesday,May,Spring,False,0,0
2021-05-06,Thursday,May,Spring,False,0,0
2021-05-07,Friday,May,Spring,False,0,0
2021-05-08,Saturday,May,Spring,False,1,0
2021-05-09,Sunday,May,Spring,False,1,0
2021-05-10,Monday,May,Spring,False,0,0
2021-05-11,Tuesday,May,Spring,True,0,1
2021-05-12,Wednesday,May,Spring,False,0,0
2021-05-13,Thursday,May,Spring,False,0,0
2021-05-14,Friday,May,Spring,False,0,0
2021-05-15,Saturday,May,Spring,False,1,0
2021-05-16,Sunday,May,Spring,False,1,0
2021-05-17,Monday,May,Spring,True,0,1
2021-05-18,Tuesday,May,Spring,False,0,0
2021-05-19,Wednesday,May,Spring,False,0,0
2021-05-20,Thursday,May,Spring,False,0,0
2021-05-21,Friday,May,Spring,False,0,0
2021-05-22,Saturday,May,Spring,False,1,0
2021-05-23,Sunday,May,Spring,False,1,0
2021-05-24,Monday,May,Spring,False,0,0
2021-05-25,Tuesday,May,Spring,False,0,0
2021-05-26,Wednesday,May,Spring,True,0,1
2021-05-27,Thursday,May,Spring,False,0,0
2021-05-28,Friday,May,Spring,False,0,0
2021-05-29,Saturday,May,Spring,False,1,0
2021-05-30,Sunday,May,Spring,False,1,0
2021-05-31,Monday,May,Spring,False,0,0
2021-06-01,Tuesday,June,Summer,False,0,0
2021-06-02,Wednesday,June,Summer,False,0,0
2021-06-03,Thursday,June,Summer,False,0,0
2021-06-04,Friday,June,Summer,False,0,0
2021-06-05,Saturday,June,Summer,False,1,0
2021-06-06,Sunday,June,Summer,False,1,0
2021-06-07,Monday,June,Summer,False,0,0
2021-06-08,Tuesday,June,Summer,False,0,0
2021-06-09,Wednesday,June,Summer,False,0,0
2021-06-10,Thursday,June,Summer,False,0,0
2021-06-11,Friday,June,Summer,False,0,0
2021-06-12,Saturday,June,Summer,False,1,0
2021-06-13,Sunday,June,Summer,False,1,0
2021-06-14,Monday,June,Summer,False,0,0
2021-06-15,Tuesday,June,Summer,False,0,0
2021-06-16,Wednesday,June,Summer,True,0,1
2021-06-17,Thursday,June,Summer,False,0,0
2021-06-18,Friday,June,Summer,False,0,0
2021-06-19,Saturday,June,Summer,False,1,0
2021-06-20,Sunday,June,Summer,False,1,0
2021-06-21,Monday,June,Summer,True,0,1
2021-06-22,Tuesday,June,Summer,False,0,0
2021-06-23,Wednesday,June,Summer,True,0,1
2021-06-24,Thursday,June,Summer,False,0,0
2021-06-25,Friday,June,Summer,True,0,1
2021-06-26,Saturday,June,Summer,True,1,1
2021-06-27,Sunday,June,Summer,False,1,0
2021-06-28,Monday,June,Summer,False,0,0
2021-06-29,Tuesday,June,Summer,False,0,0
2021-06-30,Wednesday,June,Summer,False,0,0
2021-07-01,Thursday,July,Summer,False,0,0
2021-07-02,Friday,July,Summer,True,0,1
2021-07-03,Saturday,July,Summer,False,1,0
2021-07-04,Sunday,July,Summer,False,1,0
2021-07-05,Monday,July,Summer,False,0,0
2021-07-06,Tuesday,July,Summer,False,0,0
2021-07-07,Wednesday,July,Summer,False,0,0
2021-07-08,Thursday,July,Summer,False,0,0
2021-07-09,Friday,July,Summer,False,0,0
2021-07-10,Saturday,July,Summer,False,1,0
2021-07-11,Sunday,July,Summer,False,1,0
2021-07-12,Monday,July,Summer,False,0,0
2021-07-13,Tuesday,July,Summer,False,0,0
2021-07-14,Wednesday,July,Summer,False,0,0
2021-07-15,Thursday,July,Summer,False,0,0
2021-07-16,Friday,July,Summer,False,0,0
2021-07-17,Saturday,July,Summer,False,1,0
2021-07-18,Sunday,July,Summer,False,1,0
2021-07-19,Monday,July,Summer,True,0,1
2021-07-20,Tuesday,July,Summer,False,0,0
2021-07-21,Wednesday,July,Summer,False,0,0
2021-07-22,Thursday,July,Summer,False,0,0
2021-07-23,Friday,July,Summer,False,0,0
2021-07-24,Saturday,July,Summer,False,1,0
2021-07-25,Sunday,July,Summer,False,1,0
2021-07-26,Monday,July,Summer,False,0,0
2021-07-27,Tuesday,July,Summer,False,0,0
2021-07-28,Wednesday,July,Summer,False,0,0
2021-07-29,Thursday,July,Summer,False,0,0
2021-07-30,Friday,July,Summer,True,0,1
2021-07-31,Saturday,July,Summer,False,1,0
2021-08-01,Sunday,August,Summer,True,1,1
2021-08-02,Monday,August,Summer,False,0,0
2021-08-03,Tuesday,August,Summer,False,0,0
2021-08-04,Wednesday,August,Summer,False,0,0
2021-08-05,Thursday,August,Summer,False,0,0
2021-08-06,Friday,August,Summer,False,0,0
2021-08-07,Saturday,August,Summer,False,1,0
2021-08-08,Sunday,August,Summer,False,1,0
2021-08-09,Monday,August,Summer,False,0,0
2021-08-10,Tuesday,August,Summer,False,0,0
2021-08-11,Wednesday,August,Summer,False,0,0
2021-08-12,Thursday,August,Summer,False,0,0
2021-08-13,Friday,August,Summer,False,0,0
2021-08-14,Saturday,August,Summer,False,1,0
2021-08-15,Sunday,August,Summer,False,1,0
2021-08-16,Monday,August,Summer,True,0,1
2021-08-17,Tuesday,August,Summer,False,0,0
2021-08-18,Wednesday,August,Summer,False,0,0
2021-08-19,Thursday,August,Summer,False,0,0
2021-08-20,Friday,August,Summer,False,0,0
2021-08-21,Saturday,August,Summer,False,1,0
2021-08-22,Sunday,August,Summer,False,1,0
2021-08-23,Monday,August,Summer,False,0,0
2021-08-24,Tuesday,August,Summer,False,0,0
2021-08-25,Wednesday,August,Summer,False,0,0
2021-08-26,Thursday,August,Summer,False,0,0
2021-08-27,Friday,August,Summer,False,0,0
2021-08-28,Saturday,August,Summer,False,1,0
2021-08-29,Sunday,August,Summer,False,1,0
2021-08-30,Monday,August,Summer,False,0,0
2021-08-31,Tuesday,August,Summer,False,0,0
2021-09-01,Wednesday,September,Fall,False,0,0
2021-09-02,Thursday,September,Fall,False,0,0
2021-09-03,Friday,September,Fall,False,0,0
2021-09-04,Saturday,September,Fall,False,1,0
2021-09-05,Sunday,September,Fall,False,1,0
2021-09-06,Monday,September,Fall,False,0,0
2021-09-07,Tuesday,September,Fall,False,0,0
2021-09-08,Wednesday,September,Fall,True,0,1
2021-09-09,Thursday,September,Fall,False,0,0
2021-09-10,Friday,September,Fall,False,0,0
2021-09-11,Saturday,September,Fall,False,1,0
2021-09-12,Sunday,September,Fall,False,1,0
2021-09-13,Monday,September,Fall,False,0,0
2021-09-14,Tuesday,September,Fall,False,0,0
2021-09-15,Wednesday,September,Fall,False,0,0
2021-09-16,Thursday,September,Fall,False,0,0
2021-09-17,Friday,September,Fall,False,0,0
2021-09-18,Saturday,September,Fall,False,1,0
2021-09-19,Sunday,September,Fall,False,1,0
2021-09-20,Monday,September,Fall,False,0,0
2021-09-21,Tuesday,September,Fall,False,0,0
2021-09-22,Wednesday,September,Fall,False,0,0
2021-09-23,Thursday,September,Fall,False,0,0
2021-09-24,Friday,September,Fall,False,0,0
2021-09-25,Saturday,September,Fall,False,1,0
2021-09-26,Sunday,September,Fall,False,1,0
2021-09-27,Monday,September,Fall,False,0,0
2021-09-28,Tuesday,September,Fall,False,0,0
2021-09-29,Wednesday,September,Fall,False,0,0
2021-09-30,Thursday,September,Fall,False,0,0
2021-10-01,Friday,October,Fall,False,0,0
2021-10-02,Saturday,October,Fall,False,1,0
2021-10-03,Sunday,October,Fall,False,1,0
2021-10-04,Monday,October,Fall,False,0,0
2021-10-05,Tuesday,October,Fall,False,0,0
2021-10-06,Wednesday,October,Fall,False,0,0
2021-10-07,Thursday,October,Fall,False,0,0
2021-10-08,Friday,October,Fall,False,0,0
2021-10-09,Saturday,October,Fall,True,1,1
2021-10-10,Sunday,October,Fall,False,1,0
2021-10-11,Monday,October,Fall,False,0,0
2021-10-12,Tuesday,October,Fall,False,0,0
2021-10-13,Wednesday,October,Fall,False,0,0
2021-10-14,Thursday,October,Fall,False,0,0
2021-10-15,Friday,October,Fall,False,0,0
2021-10-16,Saturday,October,Fall,False,1,0
2021-10-17,Sunday,October,Fall,False,1,0
2021-10-18,Monday,October,Fall,False,0,0
2021-10-19,Tuesday,October,Fall,False,0,0
2021-10-20,Wednesday,October,Fall,False,0,0
2021-10-21,Thursday,October,Fall,False,0,0
2021-10-22,Friday,October,Fall,False,0,0
2021-10-23,Saturday,October,Fall,False,1,0
2021-10-24,Sunday,October,Fall,False,1,0
2021-10-25,Monday,October,Fall,False,0,0
2021-10-26,Tuesday,October,Fall,False,0,0
2021-10-27,Wednesday,October,Fall,False,0,0
2021-10-28,Thursday,October,Fall,False,0,0
2021-10-29,Friday,October,Fall,False,0,0
2021-10-30,Saturday,October,Fall,True,1,1
2021-10-31,Sunday,October,Fall,False,1,0
2021-11-01,Monday,November,Fall,False,0,0
2021-11-02,Tuesday,November,Fall,False,0,0
2021-11-03,Wednesday,November,Fall,True,0,1
2021-11-04,Thursday,November,Fall,True,0,1
2021-11-05,Friday,November,Fall,False,0,0
2021-11-06,Saturday,November,Fall,False,1,0
2021-11-07,Sunday,November,Fall,False,1,0
2021-11-08,Monday,November,Fall,False,0,0
2021-11-09,Tuesday,November,Fall,False,0,0
2021-11-10,Wednesday,November,Fall,False,0,0
2021-11-11,Thursday,November,Fall,False,0,0
2021-11-12,Friday,November,Fall,False,0,0
2021-11-13,Saturday,November,Fall,False,1,0
2021-11-14,Sunday,November,Fall,False,1,0
2021-11-15,Monday,November,Fall,False,0,0
2021-11-16,Tuesday,November,Fall,False,0,0
2021-11-17,Wednesday,November,Fall,False,0,0
2021-11-18,Thursday,November,Fall,False,0,0
2021-11-19,Friday,November,Fall,False,0,0
2021-11-20,Saturday,November,Fall,False,1,0
2021-11-21,Sunday,November,Fall,False,1,0
2021-11-22,Monday,November,Fall,False,0,0
2021-11-23,Tuesday,November,Fall,False,0,0
2021-11-24,Wednesday,November,Fall,False,0,0
2021-11-25,Thursday,November,Fall,False,0,0
2021-11-26,Friday,November,Fall,False,0,0
2021-11-27,Saturday,November,Fall,False,1,0
2021-11-28,Sunday,November,Fall,False,1,0
2021-11-29,Monday,November,Fall,False,0,0
2021-11-30,Tuesday,November,Fall,True,0,1
2021-12-01,Wednesday,December,Winter,False,0,0
2021-12-02,Thursday,December,Winter,False,0,0
2021-12-03,Friday,December,Winter,False,0,0
2021-12-04,Saturday,December,Winter,False,1,0
2021-12-05,Sunday,December,Winter,True,1,1
2021-12-06,Monday,December,Winter,False,0,0
2021-12-07,Tuesday,December,Winter,False,0,0
2021-12-08,Wednesday,December,Winter,False,0,0
2021-12-09,Thursday,December,Winter,False,0,0
2021-12-10,Friday,December,Winter,False,0,0
2021-12-11,Saturday,December,Winter,False,1,0
2021-12-12,Sunday,December,Winter,False,1,0
2021-12-13,Monday,December,Winter,False,0,0
2021-12-14,Tuesday,December,Winter,False,0,0
2021-12-15,Wednesday,December,Winter,False,0,0
2021-12-16,Thursday,December,Winter,False,0,0
2021-12-17,Friday,December,Winter,False,0,0
2021-12-18,Saturday,December,Winter,False,1,0
2021-12-19,Sunday,December,Winter,False,1,0
2021-12-20,Monday,December,Winter,False,0,0
2021-12-21,Tuesday,December,Winter,False,0,0
2021-12-22,Wednesday,December,Winter,False,0,0
2021-12-23,Thursday,December,Winter,False,0,0
2021-12-24,Friday,December,Winter,False,0,0
2021-12-25,Saturday,December,Winter,False,1,0
2021-12-26,Sunday,December,Winter,False,1,0
2021-12-27,Monday,December,Winter,False,0,0
2021-12-28,Tuesday,December,Winter,False,0,0
2021-12-29,Wednesday,December,Winter,False,0,0
2021-12-30,Thursday,December,Winter,False,0,0
2021-12-31,Friday,December,Winter,False,0,0
2022-01-01,Saturday,January,Winter,False,1,0
2022-01-02,Sunday,January,Winter,False,1,0
2022-01-03,Monday,January,Winter,False,0,0
2022-01-04,Tuesday,January,Winter,False,0,0
2022-01-05,Wednesday,January,Winter,False,0,0
2022-01-06,Thursday,January,Winter,False,0,0
2022-01-07,Friday,January,Winter,True,0,1
2022-01-08,Saturday,January,Winter,False,1,0
2022-01-09,Sunday,January,Winter,False,1,0
2022-01-10,Monday,January,Winter,False,0,0
2022-01-11,Tuesday,January,Winter,False,0,0
2022-01-12,Wednesday,January,Winter,False,0,0
2022-01-13,Thursday,January,Winter,False,0,0
2022-01-14,Friday,January,Winter,False,0,0
2022-01-15,Saturday,January,Winter,False,1,0
2022-01-16,Sunday,January,Winter,False,1,0
2022-01-17,Monday,January,Winter,False,0,0
2022-01-18,Tuesday,January,Winter,False,0,0
2022-01-19,Wednesday,January,Winter,False,0,0
2022-01-20,Thursday,January,Winter,False,0,0
2022-01-21,Friday,January,Winter,False,0,0
2022-01-22,Saturday,January,Winter,False,1,0
2022-01-23,Sunday,January,Winter,False,1,0
2022-01-24,Monday,January,Winter,False,0,0
2022-01-25,Tuesday,January,Winter,False,0,0
2022-01-26,Wednesday,January,Winter,False,0,0
2022-01-27,Thursday,January,Winter,False,0,0
2022-01-28,Friday,January,Winter,False,0,0
2022-01-29,Saturday,January,Winter,False,1,0
2022-01-30,Sunday,January,Winter,False,1,0
2022-01-31,Monday,January,Winter,False,0,0
2022-02-01,Tuesday,February,Winter,False,0,0
2022-02-02,Wednesday,February,Winter,False,0,0
2022-02-03,Thursday,February,Winter,False,0,0
2022-02-04,Friday,February,Winter,False,0,0
2022-02-05,Saturday,February,Winter,True,1,1
2022-02-06,Sunday,February,Winter,False,1,0
2022-02-07,Monday,February,Winter,False,0,0
2022-02-08,Tuesday,February,Winter,False,0,0
2022-02-09,Wednesday,February,Winter,False,0,0
2022-02-10,Thursday,February,Winter,False,0,0
2022-02-11,Friday,February,Winter,False,0,0
2022-02-12,Saturday,February,Winter,False,1,0
2022-02-13,Sunday,February,Winter,False,1,0
2022-02-14,Monday,February,Winter,False,0,0
2022-02-15,Tuesday,February,Winter,False,0,0
2022-02-16,Wednesday,February,Winter,False,0,0
2022-02-17,Thursday,February,Winter,False,0,0
2022-02-18,Friday,February,Winter,True,0,1
2022-02-19,Saturday,February,Winter,False,1,0
2022-02-20,Sunday,February,Winter,False,1,0
2022-02-21,Monday,February,Winter,False,0,0
2022-02-22,Tuesday,February,Winter,False,0,0
2022-02-23,Wednesday,February,Winter,False,0,0
2022-02-24,Thursday,February,Winter,False,0,0
2022-02-25,Friday,February,Winter,False,0,0
2022-02-26,Saturday,February,Winter,False,1,0
2022-02-27,Sunday,February,Winter,False,1,0
2022-02-28,Monday,February,Winter,False,0,0
2022-03-01,Tuesday,March,Spring,False,0,0
2022-03-02,Wednesday,March,Spring,False,0,0
2022-03-03,Thursday,March,Spring,False,0,0
2022-03-04,Friday,March,Spring,False,0,0
2022-03-05,Saturday,March,Spring,False,1,0
2022-03-06,Sunday,March,Spring,False,1,0
2022-03-07,Monday,March,Spring,False,0,0
2022-03-08,Tuesday,March,Spring,False,0,0
2022-03-09,Wednesday,March,Spring,False,0,0
2022-03-10,Thursday,March,Spring,False,0,0
2022-03-11,Friday,March,Spring,False,0,0
2022-03-12,Saturday,March,Spring,False,1,0
2022-03-13,Sunday,March,Spring,False,1,0
2022-03-14,Monday,March,Spring,False,0,0
2022-03-15,Tuesday,March,Spring,False,0,0
2022-03-16,Wednesday,March,Spring,False,0,0
2022-03-17,Thursday,March,Spring,False,0,0
2022-03-18,Friday,March,Spring,False,0,0
2022-03-19,Saturday,March,Spring,False,1,0
2022-03-20,Sunday,March,Spring,True,1,1
2022-03-21,Monday,March,Spring,False,0,0
2022-03-22,Tuesday,March,Spring,False,0,0
2022-03-23,Wednesday,March,Spring,False,0,0
2022-03-24,Thursday,March,Spring,False,0,0
2022-03-25,Friday,March,Spring,False,0,0
2022-03-26,Saturday,March,Spring,False,1,0
2022-03-27,Sunday,March,Spring,False,1,0
2022-03-28,Monday,March,Spring,False,0,0
2022-03-29,Tuesday,March,Spring,False,0,0
2022-03-30,Wednesday,March,Spring,False,0,0
2022-03-31,Thursday,March,Spring,False,0,0
2022-04-01,Friday,April,Spring,False,0,0
2022-04-02,Saturday,April,Spring,False,1,0
2022-04-03,Sunday,April,Spring,False,1,0
2022-04-04,Monday,April,Spring,False,0,0
2022-04-05,Tuesday,April,Spring,False,0,0
2022-04-06,Wednesday,April,Spring,False,0,0
2022-04-07,Thursday,April,Spring,False,0,0
2022-04-08,Friday,April,Spring,False,0,0
2022-04-09,Saturday,April,Spring,True,1,1
2022-04-10,Sunday,April,Spring,False,1,0
2022-04-11,Monday,April,Spring,True,0,1
2022-04-12,Tuesday,April,Spring,False,0,0
2022-04-13,Wednesday,April,Spring,False,0,0
2022-04-14,Thursday,April,Spring,False,0,0
2022-04-15,Friday,April,Spring,False,0,0
2022-04-16,Saturday,April,Spring,False,1,0
2022-04-17,Sunday,April,Spring,False,1,0
2022-04-18,Monday,April,Spring,False,0,0
2022-04-19,Tuesday,April,Spring,False,0,0
2022-04-20,Wednesday,April,Spring,False,0,0
2022-04-21,Thursday,April,Spring,False,0,0
2022-04-22,Friday,April,Spring,False,0,0
2022-04-23,Saturday,April,Spring,False,1,0
2022-04-24,Sunday,April,Spring,False,1,0
2022-04-25,Monday,April,Spring,False,0,0
2022-04-26,Tuesday,April,Spring,False,0,0
2022-04-27,Wednesday,April,Spring,False,0,0
2022-04-28,Thursday,April,Spring,False,0,0
2022-04-29,Friday,April,Spring,False,0,0
2022-04-30,Saturday,April,Spring,False,1,0
2022-05-01,Sunday,May,Spring,False,1,0
2022-05-02,Monday,May,Spring,False,0,0
2022-05-03,Tuesday,May,Spring,False,0,0
2022-05-04,Wednesday,May,Spring,False,0,0
2022-05-05,Thursday,May,Spring,False,0,0
2022-05-06,Friday,May,Spring,False,0,0
2022-05-07,Saturday,May,Spring,True,1,1
2022-05-08,Sunday,May,Spring,True,1,1
2022-05-09,Monday,May,Spring,True,0,1
2022-05-10,Tuesday,May,Spring,False,0,0
2022-05-11,Wednesday,May,Spring,True,0,1
2022-05-12,Thursday,May,Spring,False,0,0
2022-05-13,Friday,May,Spring,False,0,0
2022-05-14,Saturday,May,Spring,False,1,0
2022-05-15,Sunday,May,Spring,False,1,0
2022-05-16,Monday,May,Spring,False,0,0
2022-05-17,Tuesday,May,Spring,False,0,0
2022-05-18,Wednesday,May,Spring,False,0,0
2022-05-19,Thursday,May,Spring,True,0,1
2022-05-20,Friday,May,Spring,False,0,0
2022-05-21,Saturday,May,Spring,False,1,0
2022-05-22,Sunday,May,Spring,False,1,0
2022-05-23,Monday,May,Spring,False,0,0
2022-05-24,Tuesday,May,Spring,False,0,0
2022-05-25,Wednesday,May,Spring,False,0,0
2022-05-26,Thursday,May,Spring,False,0,0
2022-05-27,Friday,May,Spring,False,0,0
2022-05-28,Saturday,May,Spring,False,1,0
2022-05-29,Sunday,May,Spring,False,1,0
2022-05-30,Monday,May,Spring,True,0,1
2022-05-31,Tuesday,May,Spring,False,0,0
2022-06-01,Wednesday,June,Summer,True,0,1
2022-06-02,Thursday,June,Summer,False,0,0
2022-06-03,Friday,June,Summer,False,0,0
2022-06-04,Saturday,June,Summer,False,1,0
2022-06-05,Sunday,June,Summer,False,1,0
2022-06-06,Monday,June,Summer,False,0,0
2022-06-07,Tuesday,June,Summer,False,0,0
2022-06-08,Wednesday,June,Summer,False,0,0
2022-06-09,Thursday,June,Summer,False,0,0
2022-06-10,Friday,June,Summer,False,0,0
2022-06-11,Saturday,June,Summer,False,1,0
2022-06-12,Sunday,June,Summer,False,1,0
2022-06-13,Monday,June,Summer,False,0,0
2022-06-14,Tuesday,June,Summer,True,0,1
2022-06-15,Wednesday,June,Summer,False,0,0
2022-06-16,Thursday,June,Summer,False,0,0
2022-06-17,Friday,June,Summer,False,0,0
2022-06-18,Saturday,June,Summer,False,1,0
2022-06-19,Sunday,June,Summer,False,1,0
2022-06-20,Monday,June,Summer,False,0,0
2022-06-21,Tuesday,June,Summer,False,0,0
2022-06-22,Wednesday,June,Summer,False,0,0
2022-06-23,Thursday,June,Summer,False,0,0
2022-06-24,Friday,June,Summer,False,0,0
2022-06-25,Saturday,June,Summer,False,1,0
2022-06-26,Sunday,June,Summer,False,1,0
2022-06-27,Monday,June,Summer,False,0,0
2022-06-28,Tuesday,June,Summer,False,0,0
2022-06-29,Wednesday,June,Summer,False,0,0
2022-06-30,Thursday,June,Summer,False,0,0
2022-07-01,Friday,July,Summer,False,0,0
2022-07-02,Saturday,July,Summer,False,1,0
2022-07-03,Sunday,July,Summer,False,1,0
2022-07-04,Monday,July,Summer,False,0,0
2022-07-05,Tuesday,July,Summer,False,0,0
2022-07-06,Wednesday,July,Summer,False,0,0
2022-07-07,Thursday,July,Summer,True,0,1
2022-07-08,Friday,July,Summer,False,0,0
2022-07-09,Saturday,July,Summer,False,1,0
2022-07-10,Sunday,July,Summer,False,1,0
2022-07-11,Monday,July,Summer,True,0,1
2022-07-12,Tuesday,July,Summer,True,0,1
2022-07-13,Wednesday,July,Summer,True,0,1
2022-07-14,Thursday,July,Summer,True,0,1
2022-07-15,Friday,July,Summer,True,0,1
2022-07-16,Saturday,July,Summer,False,1,0
2022-07-17,Sunday,July,Summer,False,1,0
2022-07-18,Monday,July,Summer,False,0,0
2022-07-19,Tuesday,July,Summer,False,0,0
2022-07-20,Wednesday,July,Summer,True,0,1
2022-07-21,Thursday,July,Summer,False,0,0
2022-07-22,Friday,July,Summer,False,0,0
2022-07-23,Saturday,July,Summer,False,1,0
2022-07-24,Sunday,July,Summer,True,1,1
2022-07-25,Monday,July,Summer,False,0,0
2022-07-26,Tuesday,July,Summer,False,0,0
2022-07-27,Wednesday,July,Summer,False,0,0
2022-07-28,Thursday,July,Summer,False,0,0
2022-07-29,Friday,July,Summer,False,0,0
2022-07-30,Saturday,July,Summer,False,1,0
2022-07-31,Sunday,July,Summer,False,1,0
2022-08-01,Monday,August,Summer,True,0,1
2022-08-02,Tuesday,August,Summer,False,0,0
2022-08-03,Wednesday,August,Summer,False,0,0
2022-08-04,Thursday,August,Summer,False,0,0
2022-08-05,Friday,August,Summer,False,0,0
2022-08-06,Saturday,August,Summer,False,1,0
2022-08-07,Sunday,August,Summer,False,1,0
2022-08-08,Monday,August,Summer,False,0,0
2022-08-09,Tuesday,August,Summer,False,0,0
2022-08-10,Wednesday,August,Summer,False,0,0
2022-08-11,Thursday,August,Summer,False,0,0
2022-08-12,Friday,August,Summer,False,0,0
2022-08-13,Saturday,August,Summer,False,1,0
2022-08-14,Sunday,August,Summer,False,1,0
2022-08-15,Monday,August,Summer,True,0,1
2022-08-16,Tuesday,August,Summer,False,0,0
2022-08-17,Wednesday,August,Summer,False,0,0
2022-08-18,Thursday,August,Summer,False,0,0
2022-08-19,Friday,August,Summer,False,0,0
2022-08-20,Saturday,August,Summer,False,1,0
2022-08-21,Sunday,August,Summer,True,1,1
2022-08-22,Monday,August,Summer,False,0,0
2022-08-23,Tuesday,August,Summer,True,0,1
2022-08-24,Wednesday,August,Summer,False,0,0
2022-08-25,Thursday,August,Summer,False,0,0
2022-08-26,Friday,August,Summer,False,0,0
2022-08-27,Saturday,August,Summer,False,1,0
2022-08-28,Sunday,August,Summer,False,1,0
2022-08-29,Monday,August,Summer,False,0,0
2022-08-30,Tuesday,August,Summer,False,0,0
2022-08-31,Wednesday,August,Summer,False,0,0
2022-09-01,Thursday,September,Fall,False,0,0
2022-09-02,Friday,September,Fall,False,0,0
2022-09-03,Saturday,September,Fall,False,1,0
2022-09-04,Sunday,September,Fall,False,1,0
2022-09-05,Monday,September,Fall,False,0,0
2022-09-06,Tuesday,September,Fall,False,0,0
2022-09-07,Wednesday,September,Fall,False,0,0
2022-09-08,Thursday,September,Fall,False,0,0
2022-09-09,Friday,September,Fall,True,0,1
2022-09-10,Saturday,September,Fall,False,1,0
2022-09-11,Sunday,September,Fall,False,1,0
2022-09-12,Monday,September,Fall,False,0,0
2022-09-13,Tuesday,September,Fall,False,0,0
2022-09-14,Wednesday,September,Fall,False,0,0
2022-09-15,Thursday,September,Fall,False,0,0
2022-09-16,Friday,September,Fall,True,0,1
2022-09-17,Saturday,September,Fall,False,1,0
2022-09-18,Sunday,September,Fall,True,1,1
2022-09-19,Monday,September,Fall,False,0,0
2022-09-20,Tuesday,September,Fall,False,0,0
2022-09-21,Wednesday,September,Fall,False,0,0
2022-09-22,Thursday,September,Fall,False,0,0
2022-09-23,Friday,September,Fall,False,0,0
2022-09-24,Saturday,September,Fall,True,1,1
2022-09-25,Sunday,September,Fall,False,1,0
2022-09-26,Monday,September,Fall,True,0,1
2022-09-27,Tuesday,September,Fall,False,0,0
2022-09-28,Wednesday,September,Fall,False,0,0
2022-09-29,Thursday,September,Fall,False,0,0
2022-09-30,Friday,September,Fall,False,0,0
2022-10-01,Saturday,October,Fall,False,1,0
2022-10-02,Sunday,October,Fall,True,1,1
2022-10-03,Monday,October,Fall,False,0,0
2022-10-04,Tuesday,October,Fall,False,0,0
2022-10-05,Wednesday,October,Fall,False,0,0
2022-10-06,Thursday,October,Fall,False,0,0
2022-10-07,Friday,October,Fall,False,0,0
2022-10-08,Saturday,October,Fall,False,1,0
2022-10-09,Sunday,October,Fall,False,1,0
2022-10-10,Monday,October,Fall,False,0,0
2022-10-11,Tuesday,October,Fall,False,0,0
2022-10-12,Wednesday,October,Fall,False,0,0
2022-10-13,Thursday,October,Fall,False,0,0
2022-10-14,Friday,October,Fall,False,0,0
2022-10-15,Saturday,October,Fall,False,1,0
2022-10-16,Sunday,October,Fall,False,1,0
2022-10-17,Monday,October,Fall,False,0,0
2022-10-18,Tuesday,October,Fall,False,0,0
2022-10-19,Wednesday,October,Fall,False,0,0
2022-10-20,Thursday,October,Fall,False,0,0
2022-10-21,Friday,October,Fall,False,0,0
2022-10-22,Saturday,October,Fall,False,1,0
2022-10-23,Sunday,October,Fall,False,1,0
2022-10-24,Monday,October,Fall,False,0,0
2022-10-25,Tuesday,October,Fall,False,0,0
2022-10-26,Wednesday,October,Fall,True,0,1
2022-10-27,Thursday,October,Fall,False,0,0
2022-10-28,Friday,October,Fall,False,0,0
2022-10-29,Saturday,October,Fall,False,1,0
2022-10-30,Sunday,October,Fall,True,1,1
2022-10-31,Monday,October,Fall,False,0,0
2022-11-01,Tuesday,November,Fall,False,0,0
2022-11-02,Wednesday,November,Fall,False,0,0
2022-11-03,Thursday,November,Fall,False,0,0
2022-11-04,Friday,November,Fall,True,0,1
2022-11-05,Saturday,November,Fall,False,1,0
2022-11-06,Sunday,November,Fall,False,1,0
2022-11-07,Monday,November,Fall,False,0,0
2022-11-08,Tuesday,November,Fall,False,0,0
2022-11-09,Wednesday,November,Fall,True,0,1
2022-11-10,Thursday,November,Fall,False,0,0
2022-11-11,Friday,November,Fall,False,0,0
2022-11-12,Saturday,November,Fall,False,1,0
2022-11-13,Sunday,November,Fall,True,1,1
2022-11-14,Monday,November,Fall,False,0,0
2022-11-15,Tuesday,November,Fall,False,0,0
2022-11-16,Wednesday,November,Fall,False,0,0
2022-11-17,Thursday,November,Fall,False,0,0
2022-11-18,Friday,November,Fall,False,0,0
2022-11-19,Saturday,November,Fall,False,1,0
2022-11-20,Sunday,November,Fall,False,1,0
2022-11-21,Monday,November,Fall,False,0,0
2022-11-22,Tuesday,November,Fall,False,0,0
2022-11-23,Wednesday,November,Fall,False,0,0
2022-11-24,Thursday,November,Fall,False,0,0
2022-11-25,Friday,November,Fall,False,0,0
2022-11-26,Saturday,November,Fall,False,1,0
2022-11-27,Sunday,November,Fall,True,1,1
2022-11-28,Monday,November,Fall,True,0,1
2022-11-29,Tuesday,November,Fall,False,0,0
2022-11-30,Wednesday,November,Fall,False,0,0
2022-12-01,Thursday,December,Winter,False,0,0
2022-12-02,Friday,December,Winter,False,0,0
2022-12-03,Saturday,December,Winter,False,1,0
2022-12-04,Sunday,December,Winter,False,1,0
2022-12-05,Monday,December,Winter,False,0,0
2022-12-06,Tuesday,December,Winter,True,0,1
2022-12-07,Wednesday,December,Winter,False,0,0
2022-12-08,Thursday,December,Winter,False,0,0
2022-12-09,Friday,December,Winter,False,0,0
2022-12-10,Saturday,December,Winter,False,1,0
2022-12-11,Sunday,December,Winter,True,1,1
2022-12-12,Monday,December,Winter,False,0,0
2022-12-13,Tuesday,December,Winter,False,0,0
2022-12-14,Wednesday,December,Winter,False,0,0
2022-12-15,Thursday,December,Winter,False,0,0
2022-12-16,Friday,December,Winter,False,0,0
2022-12-17,Saturday,December,Winter,False,1,0
2022-12-18,Sunday,December,Winter,False,1,0
2022-12-19,Monday,December,Winter,False,0,0
2022-12-20,Tuesday,December,Winter,False,0,0
2022-12-21,Wednesday,December,Winter,False,0,0
2022-12-22,Thursday,December,Winter,False,0,0
2022-12-23,Friday,December,Winter,False,0,0
2022-12-24,Saturday,December,Winter,False,1,0
2022-12-25,Sunday,December,Winter,False,1,0
2022-12-26,Monday,December,Winter,True,0,1
2022-12-27,Tuesday,December,Winter,False,0,0
2022-12-28,Wednesday,December,Winter,False,0,0
2022-12-29,Thursday,December,Winter,False,0,0
2022-12-30,Friday,December,Winter,False,0,0
2022-12-31,Saturday,December,Winter,False,1,0
2023-01-01,Sunday,January,Winter,False,1,0
2023-01-02,Monday,January,Winter,False,0,0
2023-01-03,Tuesday,January,Winter,False,0,0
2023-01-04,Wednesday,January,Winter,False,0,0
2023-01-05,Thursday,January,Winter,False,0,0
2023-01-06,Friday,January,Winter,False,0,0
2023-01-07,Saturday,January,Winter,False,1,0
2023-01-08,Sunday,January,Winter,False,1,0
2023-01-09,Monday,January,Winter,False,0,0
2023-01-10,Tuesday,January,Winter,False,0,0
2023-01-11,Wednesday,January,Winter,False,0,0
2023-01-12,Thursday,January,Winter,False,0,0
2023-01-13,Friday,January,Winter,False,0,0
2023-01-14,Saturday,January,Winter,True,1,1
2023-01-15,Sunday,January,Winter,False,1,0
2023-01-16,Monday,January,Winter,False,0,0
2023-01-17,Tuesday,January,Winter,False,0,0
2023-01-18,Wednesday,January,Winter,True,0,1
2023-01-19,Thursday,January,Winter,False,0,0
2023-01-20,Friday,January,Winter,False,0,0
2023-01-21,Saturday,January,Winter,False,1,0
2023-01-22,Sunday,January,Winter,False,1,0
2023-01-23,Monday,January,Winter,False,0,0
2023-01-24,Tuesday,January,Winter,False,0,0
2023-01-25,Wednesday,January,Winter,True,0,1
2023-01-26,Thursday,January,Winter,False,0,0
2023-01-27,Friday,January,Winter,False,0,0
2023-01-28,Saturday,January,Winter,False,1,0
2023-01-29,Sunday,January,Winter,False,1,0
2023-01-30,Monday,January,Winter,False,0,0
2023-01-31,Tuesday,January,Winter,False,0,0
2023-02-01,Wednesday,February,Winter,False,0,0
2023-02-02,Thursday,February,Winter,False,0,0
2023-02-03,Friday,February,Winter,False,0,0
2023-02-04,Saturday,February,Winter,False,1,0
2023-02-05,Sunday,February,Winter,False,1,0
2023-02-06,Monday,February,Winter,False,0,0
2023-02-07,Tuesday,February,Winter,False,0,0
2023-02-08,Wednesday,February,Winter,False,0,0
2023-02-09,Thursday,February,Winter,False,0,0
2023-02-10,Friday,February,Winter,False,0,0
2023-02-11,Saturday,February,Winter,False,1,0
2023-02-12,Sunday,February,Winter,False,1,0
2023-02-13,Monday,February,Winter,False,0,0
2023-02-14,Tuesday,February,Winter,False,0,0
2023-02-15,Wednesday,February,Winter,False,0,0
2023-02-16,Thursday,February,Winter,False,0,0
2023-02-17,Friday,February,Winter,False,0,0
2023-02-18,Saturday,February,Winter,False,1,0
2023-02-19,Sunday,February,Winter,False,1,0
2023-02-20,Monday,February,Winter,False,0,0
2023-02-21,Tuesday,February,Winter,True,0,1
2023-02-22,Wednesday,February,Winter,False,0,0
2023-02-23,Thursday,February,Winter,False,0,0
2023-02-24,Friday,February,Winter,False,0,0
2023-02-25,Saturday,February,Winter,False,1,0
2023-02-26,Sunday,February,Winter,False,1,0
2023-02-27,Monday,February,Winter,True,0,1
2023-02-28,Tuesday,February,Winter,False,0,0
2023-03-01,Wednesday,March,Spring,False,0,0
2023-03-02,Thursday,March,Spring,True,0,1
2023-03-03,Friday,March,Spring,False,0,0
2023-03-04,Saturday,March,Spring,False,1,0
2023-03-05,Sunday,March,Spring,False,1,0
2023-03-06,Monday,March,Spring,False,0,0
2023-03-07,Tuesday,March,Spring,False,0,0
2023-03-08,Wednesday,March,Spring,False,0,0
2023-03-09,Thursday,March,Spring,False,0,0
2023-03-10,Friday,March,Spring,True,0,1
2023-03-11,Saturday,March,Spring,False,1,0
2023-03-12,Sunday,March,Spring,False,1,0
2023-03-13,Monday,March,Spring,False,0,0
2023-03-14,Tuesday,March,Spring,False,0,0
2023-03-15,Wednesday,March,Spring,False,0,0
2023-03-16,Thursday,March,Spring,False,0,0
2023-03-17,Friday,March,Spring,False,0,0
2023-03-18,Saturday,March,Spring,False,1,0
2023-03-19,Sunday,March,Spring,False,1,0
2023-03-20,Monday,March,Spring,False,0,0
2023-03-21,Tuesday,March,Spring,False,0,0
2023-03-22,Wednesday,March,Spring,False,0,0
2023-03-23,Thursday,March,Spring,False,0,0
2023-03-24,Friday,March,Spring,False,0,0
2023-03-25,Saturday,March,Spring,False,1,0
2023-03-26,Sunday,March,Spring,False,1,0
2023-03-27,Monday,March,Spring,False,0,0
2023-03-28,Tuesday,March,Spring,False,0,0
2023-03-29,Wednesday,March,Spring,False,0,0
2023-03-30,Thursday,March,Spring,True,0,1
2023-03-31,Friday,March,Spring,False,0,0
2023-04-01,Saturday,April,Spring,False,1,0
2023-04-02,Sunday,April,Spring,False,1,0
2023-04-03,Monday,April,Spring,False,0,0
2023-04-04,Tuesday,April,Spring,False,0,0
2023-04-05,Wednesday,April,Spring,False,0,0
2023-04-06,Thursday,April,Spring,False,0,0
2023-04-07,Friday,April,Spring,False,0,0
2023-04-08,Saturday,April,Spring,False,1,0
2023-04-09,Sunday,April,Spring,False,1,0
2023-04-10,Monday,April,Spring,False,0,0
2023-04-11,Tuesday,April,Spring,False,0,0
2023-04-12,Wednesday,April,Spring,True,0,1
2023-04-13,Thursday,April,Spring,False,0,0
2023-04-14,Friday,April,Spring,True,0,1
2023-04-15,Saturday,April,Spring,False,1,0
2023-04-16,Sunday,April,Spring,False,1,0
2023-04-17,Monday,April,Spring,False,0,0
2023-04-18,Tuesday,April,Spring,False,0,0
2023-04-19,Wednesday,April,Spring,True,0,1
2023-04-20,Thursday,April,Spring,False,0,0
2023-04-21,Friday,April,Spring,False,0,0
2023-04-22,Saturday,April,Spring,False,1,0
2023-04-23,Sunday,April,Spring,False,1,0
2023-04-24,Monday,April,Spring,False,0,0
2023-04-25,Tuesday,April,Spring,False,0,0
2023-04-26,Wednesday,April,Spring,False,0,0
2023-04-27,Thursday,April,Spring,False,0,0
2023-04-28,Friday,April,Spring,False,0,0
2023-04-29,Saturday,April,Spring,False,1,0
2023-04-30,Sunday,April,Spring,False,1,0
2023-05-01,Monday,May,Spring,False,0,0
2023-05-02,Tuesday,May,Spring,False,0,0
2023-05-03,Wednesday,May,Spring,False,0,0
2023-05-04,Thursday,May,Spring,False,0,0
2023-05-05,Friday,May,Spring,False,0,0
2023-05-06,Saturday,May,Spring,True,1,1
2023-05-07,Sunday,May,Spring,False,1,0
2023-05-08,Monday,May,Spring,False,0,0
2023-05-09,Tuesday,May,Spring,False,0,0
2023-05-10,Wednesday,May,Spring,False,0,0
2023-05-11,Thursday,May,Spring,False,0,0
2023-05-12,Friday,May,Spring,False,0,0
2023-05-13,Saturday,May,Spring,False,1,0
2023-05-14,Sunday,May,Spring,False,1,0
2023-05-15,Monday,May,Spring,False,0,0
2023-05-16,Tuesday,May,Spring,False,0,0
2023-05-17,Wednesday,May,Spring,False,0,0
2023-05-18,Thursday,May,Spring,False,0,0
2023-05-19,Friday,May,Spring,False,0,0
2023-05-20,Saturday,May,Spring,False,1,0
2023-05-21,Sunday,May,Spring,False,1,0
2023-05-22,Monday,May,Spring,False,0,0
2023-05-23,Tuesday,May,Spring,False,0,0
2023-05-24,Wednesday,May,Spring,False,0,0
2023-05-25,Thursday,May,Spring,False,0,0
2023-05-26,Friday,May,Spring,True,0,1
2023-05-27,Saturday,May,Spring,False,1,0
2023-05-28,Sunday,May,Spring,True,1,1
2023-05-29,Monday,May,Spring,False,0,0
2023-05-30,Tuesday,May,Spring,False,0,0
2023-05-31,Wednesday,May,Spring,False,0,0
2023-06-01,Thursday,June,Summer,False,0,0
2023-06-02,Friday,June,Summer,True,0,1
2023-06-03,Saturday,June,Summer,False,1,0
2023-06-04,Sunday,June,Summer,False,1,0
2023-06-05,Monday,June,Summer,False,0,0
2023-06-06,Tuesday,June,Summer,False,0,0
2023-06-07,Wednesday,June,Summer,True,0,1
2023-06-08,Thursday,June,Summer,False,0,0
2023-06-09,Friday,June,Summer,False,0,0
2023-06-10,Saturday,June,Summer,False,1,0
2023-06-11,Sunday,June,Summer,False,1,0
2023-06-12,Monday,June,Summer,False,0,0
2023-06-13,Tuesday,June,Summer,False,0,0
2023-06-14,Wednesday,June,Summer,False,0,0
2023-06-15,Thursday,June,Summer,False,0,0
2023-06-16,Friday,June,Summer,False,0,0
2023-06-17,Saturday,June,Summer,False,1,0
2023-06-18,Sunday,June,Summer,False,1,0
2023-06-19,Monday,June,Summer,False,0,0
2023-06-20,Tuesday,June,Summer,False,0,0
2023-06-21,Wednesday,June,Summer,False,0,0
2023-06-22,Thursday,June,Summer,False,0,0
2023-06-23,Friday,June,Summer,False,0,0
2023-06-24,Saturday,June,Summer,False,1,0
2023-06-25,Sunday,June,Summer,False,1,0
2023-06-26,Monday,June,Summer,False,0,0
2023-06-27,Tuesday,June,Summer,False,0,0
2023-06-28,Wednesday,June,Summer,False,0,0
2023-06-29,Thursday,June,Summer,False,0,0
2023-06-30,Friday,June,Summer,False,0,0
2023-07-01,Saturday,July,Summer,False,1,0
2023-07-02,Sunday,July,Summer,False,1,0
2023-07-03,Monday,July,Summer,False,0,0
2023-07-04,Tuesday,July,Summer,True,0,1
2023-07-05,Wednesday,July,Summer,False,0,0
2023-07-06,Thursday,July,Summer,False,0,0
2023-07-07,Friday,July,Summer,False,0,0
2023-07-08,Saturday,July,Summer,True,1,1
2023-07-09,Sunday,July,Summer,False,1,0
2023-07-10,Monday,July,Summer,False,0,0
2023-07-11,Tuesday,July,Summer,False,0,0
2023-07-12,Wednesday,July,Summer,True,0,1
2023-07-13,Thursday,July,Summer,False,0,0
2023-07-14,Friday,July,Summer,False,0,0
2023-07-15,Saturday,July,Summer,False,1,0
2023-07-16,Sunday,July,Summer,False,1,0
2023-07-17,Monday,July,Summer,False,0,0
2023-07-18,Tuesday,July,Summer,False,0,0
2023-07-19,Wednesday,July,Summer,True,0,1
2023-07-20,Thursday,July,Summer,False,0,0
2023-07-21,Friday,July,Summer,False,0,0
2023-07-22,Saturday,July,Summer,False,1,0
2023-07-23,Sunday,July,Summer,False,1,0
2023-07-24,Monday,July,Summer,False,0,0
2023-07-25,Tuesday,July,Summer,False,0,0
2023-07-26,Wednesday,July,Summer,False,0,0
2023-07-27,Thursday,July,Summer,False,0,0
2023-07-28,Friday,July,Summer,False,0,0
2023-07-29,Saturday,July,Summer,False,1,0
2023-07-30,Sunday,July,Summer,False,1,0
2023-07-31,Monday,July,Summer,False,0,0
2023-08-01,Tuesday,August,Summer,False,0,0
2023-08-02,Wednesday,August,Summer,False,0,0
2023-08-03,Thursday,August,Summer,False,0,0
2023-08-04,Friday,August,Summer,False,0,0
2023-08-05,Saturday,August,Summer,False,1,0
2023-08-06,Sunday,August,Summer,False,1,0
2023-08-07,Monday,August,Summer,False,0,0
2023-08-08,Tuesday,August,Summer,False,0,0
2023-08-09,Wednesday,August,Summer,False,0,0
2023-08-10,Thursday,August,Summer,False,0,0
2023-08-11,Friday,August,Summer,True,0,1
2023-08-12,Saturday,August,Summer,False,1,0
2023-08-13,Sunday,August,Summer,False,1,0
2023-08-14,Monday,August,Summer,False,0,0
2023-08-15,Tuesday,August,Summer,False,0,0
2023-08-16,Wednesday,August,Summer,False,0,0
2023-08-17,Thursday,August,Summer,False,0,0
2023-08-18,Friday,August,Summer,False,0,0
2023-08-19,Saturday,August,Summer,False,1,0
2023-08-20,Sunday,August,Summer,False,1,0
2023-08-21,Monday,August,Summer,False,0,0
2023-08-22,Tuesday,August,Summer,False,0,0
2023-08-23,Wednesday,August,Summer,False,0,0
2023-08-24,Thursday,August,Summer,False,0,0
2023-08-25,Friday,August,Summer,False,0,0
2023-08-26,Saturday,August,Summer,False,1,0
2023-08-27,Sunday,August,Summer,False,1,0
2023-08-28,Monday,August,Summer,False,0,0
2023-08-29,Tuesday,August,Summer,False,0,0
2023-08-30,Wednesday,August,Summer,False,0,0
2023-08-31,Thursday,August,Summer,True,0,1
2023-09-01,Friday,September,Fall,False,0,0
2023-09-02,Saturday,September,Fall,False,1,0
2023-09-03,Sunday,September,Fall,False,1,0
2023-09-04,Monday,September,Fall,False,0,0
2023-09-05,Tuesday,September,Fall,False,0,0
2023-09-06,Wednesday,September,Fall,False,0,0
2023-09-07,Thursday,September,Fall,False,0,0
2023-09-08,Friday,September,Fall,False,0,0
2023-09-09,Saturday,September,Fall,False,1,0
2023-09-10,Sunday,September,Fall,False,1,0
2023-09-11,Monday,September,Fall,False,0,0
2023-09-12,Tuesday,September,Fall,False,0,0
2023-09-13,Wednesday,September,Fall,False,0,0
2023-09-14,Thursday,September,Fall,False,0,0
2023-09-15,Friday,September,Fall,False,0,0
2023-09-16,Saturday,September,Fall,False,1,0
2023-09-17,Sunday,September,Fall,False,1,0
2023-09-18,Monday,September,Fall,False,0,0
2023-09-19,Tuesday,September,Fall,False,0,0
2023-09-20,Wednesday,September,Fall,False,0,0
2023-09-21,Thursday,September,Fall,False,0,0
2023-09-22,Friday,September,Fall,False,0,0
2023-09-23,Saturday,September,Fall,True,1,1
2023-09-24,Sunday,September,Fall,False,1,0
2023-09-25,Monday,September,Fall,False,0,0
2023-09-26,Tuesday,September,Fall,False,0,0
2023-09-27,Wednesday,September,Fall,False,0,0
2023-09-28,Thursday,September,Fall,False,0,0
2023-09-29,Friday,September,Fall,False,0,0
2023-09-30,Saturday,September,Fall,False,1,0
2023-10-01,Sunday,October,Fall,False,1,0
2023-10-02,Monday,October,Fall,False,0,0
2023-10-03,Tuesday,October,Fall,False,0,0
2023-10-04,Wednesday,October,Fall,False,0,0
2023-10-05,Thursday,October,Fall,False,0,0
2023-10-06,Friday,October,Fall,False,0,0
2023-10-07,Saturday,October,Fall,False,1,0
2023-10-08,Sunday,October,Fall,False,1,0
2023-10-09,Monday,October,Fall,False,0,0
2023-10-10,Tuesday,October,Fall,False,0,0
2023-10-11,Wednesday,October,Fall,False,0,0
2023-10-12,Thursday,October,Fall,False,0,0
2023-10-13,Friday,October,Fall,False,0,0
2023-10-14,Saturday,October,Fall,False,1,0
2023-10-15,Sunday,October,Fall,False,1,0
2023-10-16,Monday,October,Fall,False,0,0
2023-10-17,Tuesday,October,Fall,True,0,1
2023-10-18,Wednesday,October,Fall,False,0,0
2023-10-19,Thursday,October,Fall,False,0,0
2023-10-20,Friday,October,Fall,False,0,0
2023-10-21,Saturday,October,Fall,False,1,0
2023-10-22,Sunday,October,Fall,False,1,0
2023-10-23,Monday,October,Fall,False,0,0
2023-10-24,Tuesday,October,Fall,False,0,0
2023-10-25,Wednesday,October,Fall,False,0,0
2023-10-26,Thursday,October,Fall,False,0,0
2023-10-27,Friday,October,Fall,False,0,0
2023-10-28,Saturday,October,Fall,False,1,0
2023-10-29,Sunday,October,Fall,False,1,0
2023-10-30,Monday,October,Fall,False,0,0
2023-10-31,Tuesday,October,Fall,True,0,1
2023-11-01,Wednesday,November,Fall,False,0,0
2023-11-02,Thursday,November,Fall,False,0,0
2023-11-03,Friday,November,Fall,False,0,0
2023-11-04,Saturday,November,Fall,False,1,0
2023-11-05,Sunday,November,Fall,False,1,0
2023-11-06,Monday,November,Fall,False,0,0
2023-11-07,Tuesday,November,Fall,False,0,0
2023-11-08,Wednesday,November,Fall,False,0,0
2023-11-09,Thursday,November,Fall,False,0,0
2023-11-10,Friday,November,Fall,False,0,0
2023-11-11,Saturday,November,Fall,False,1,0
2023-11-12,Sunday,November,Fall,False,1,0
2023-11-13,Monday,November,Fall,False,0,0
2023-11-14,Tuesday,November,Fall,False,0,0
2023-11-15,Wednesday,November,Fall,True,0,1
2023-11-16,Thursday,November,Fall,False,0,0
2023-11-17,Friday,November,Fall,False,0,0
2023-11-18,Saturday,November,Fall,False,1,0
2023-11-19,Sunday,November,Fall,False,1,0
2023-11-20,Monday,November,Fall,True,0,1
2023-11-21,Tuesday,November,Fall,False,0,0
2023-11-22,Wednesday,November,Fall,False,0,0
2023-11-23,Thursday,November,Fall,False,0,0
2023-11-24,Friday,November,Fall,False,0,0
2023-11-25,Saturday,November,Fall,False,1,0
2023-11-26,Sunday,November,Fall,False,1,0
2023-11-27,Monday,November,Fall,False,0,0
2023-11-28,Tuesday,November,Fall,False,0,0
2023-11-29,Wednesday,November,Fall,False,0,0
2023-11-30,Thursday,November,Fall,False,0,0
2023-12-01,Friday,December,Winter,False,0,0
2023-12-02,Saturday,December,Winter,False,1,0
2023-12-03,Sunday,December,Winter,False,1,0
2023-12-04,Monday,December,Winter,False,0,0
2023-12-05,Tuesday,December,Winter,False,0,0
2023-12-06,Wednesday,December,Winter,False,0,0
2023-12-07,Thursday,December,Winter,False,0,0
2023-12-08,Friday,December,Winter,False,0,0
2023-12-09,Saturday,December,Winter,False,1,0
2023-12-10,Sunday,December,Winter,False,1,0
2023-12-11,Monday,December,Winter,False,0,0
2023-12-12,Tuesday,December,Winter,False,0,0
2023-12-13,Wednesday,December,Winter,False,0,0
2023-12-14,Thursday,December,Winter,False,0,0
2023-12-15,Friday,December,Winter,False,0,0
2023-12-16,Saturday,December,Winter,False,1,0
2023-12-17,Sunday,December,Winter,False,1,0
2023-12-18,Monday,December,Winter,False,0,0
2023-12-19,Tuesday,December,Winter,False,0,0
2023-12-20,Wednesday,December,Winter,False,0,0
2023-12-21,Thursday,December,Winter,False,0,0
2023-12-22,Friday,December,Winter,True,0,1
2023-12-23,Saturday,December,Winter,False,1,0
2023-12-24,Sunday,December,Winter,False,1,0
2023-12-25,Monday,December,Winter,False,0,0
2023-12-26,Tuesday,December,Winter,False,0,0
2023-12-27,Wednesday,December,Winter,False,0,0
2023-12-28,Thursday,December,Winter,False,0,0
2023-12-29,Friday,December,Winter,False,0,0
2023-12-30,Saturday,December,Winter,True,1,1
2023-12-31,Sunday,December,Winter,False,1,0
2024-01-01,Monday,January,Winter,False,0,0
2024-01-02,Tuesday,January,Winter,False,0,0
2024-01-03,Wednesday,January,Winter,False,0,0
2024-01-04,Thursday,January,Winter,False,0,0
2024-01-05,Friday,January,Winter,False,0,0
2024-01-06,Saturday,January,Winter,False,1,0
2024-01-07,Sunday,January,Winter,False,1,0
2024-01-08,Monday,January,Winter,False,0,0
2024-01-09,Tuesday,January,Winter,False,0,0
2024-01-10,Wednesday,January,Winter,False,0,0
2024-01-11,Thursday,January,Winter,False,0,0
2024-01-12,Friday,January,Winter,False,0,0
2024-01-13,Saturday,January,Winter,False,1,0
2024-01-14,Sunday,January,Winter,False,1,0
2024-01-15,Monday,January,Winter,False,0,0
2024-01-16,Tuesday,January,Winter,True,0,1
2024-01-17,Wednesday,January,Winter,False,0,0
2024-01-18,Thursday,January,Winter,False,0,0
2024-01-19,Friday,January,Winter,False,0,0
2024-01-20,Saturday,January,Winter,False,1,0
2024-01-21,Sunday,January,Winter,False,1,0
2024-01-22,Monday,January,Winter,False,0,0
2024-01-23,Tuesday,January,Winter,False,0,0
2024-01-24,Wednesday,January,Winter,True,0,1
2024-01-25,Thursday,January,Winter,False,0,0
2024-01-26,Friday,January,Winter,False,0,0
2024-01-27,Saturday,January,Winter,False,1,0
2024-01-28,Sunday,January,Winter,False,1,0
2024-01-29,Monday,January,Winter,False,0,0
2024-01-30,Tuesday,January,Winter,False,0,0
2024-01-31,Wednesday,January,Winter,True,0,1
2024-02-01,Thursday,February,Winter,False,0,0
2024-02-02,Friday,February,Winter,False,0,0
2024-02-03,Saturday,February,Winter,False,1,0
2024-02-04,Sunday,February,Winter,False,1,0
2024-02-05,Monday,February,Winter,False,0,0
2024-02-06,Tuesday,February,Winter,False,0,0
2024-02-07,Wednesday,February,Winter,False,0,0
2024-02-08,Thursday,February,Winter,True,0,1
2024-02-09,Friday,February,Winter,False,0,0
2024-02-10,Saturday,February,Winter,False,1,0
2024-02-11,Sunday,February,Winter,False,1,0
2024-02-12,Monday,February,Winter,False,0,0
2024-02-13,Tuesday,February,Winter,False,0,0
2024-02-14,Wednesday,February,Winter,False,0,0
2024-02-15,Thursday,February,Winter,True,0,1
2024-02-16,Friday,February,Winter,False,0,0
2024-02-17,Saturday,February,Winter,False,1,0
2024-02-18,Sunday,February,Winter,False,1,0
2024-02-19,Monday,February,Winter,False,0,0
2024-02-20,Tuesday,February,Winter,True,0,1
2024-02-21,Wednesday,February,Winter,False,0,0
2024-02-22,Thursday,February,Winter,False,0,0
2024-02-23,Friday,February,Winter,False,0,0
2024-02-24,Saturday,February,Winter,False,1,0
2024-02-25,Sunday,February,Winter,False,1,0
2024-02-26,Monday,February,Winter,False,0,0
2024-02-27,Tuesday,February,Winter,True,0,1
2024-02-28,Wednesday,February,Winter,False,0,0
2024-02-29,Thursday,February,Winter,False,0,0
2024-03-01,Friday,March,Spring,False,0,0
2024-03-02,Saturday,March,Spring,False,1,0
2024-03-03,Sunday,March,Spring,False,1,0
2024-03-04,Monday,March,Spring,False,0,0
2024-03-05,Tuesday,March,Spring,False,0,0
2024-03-06,Wednesday,March,Spring,False,0,0
2024-03-07,Thursday,March,Spring,False,0,0
2024-03-08,Friday,March,Spring,False,0,0
2024-03-09,Saturday,March,Spring,False,1,0
2024-03-10,Sunday,March,Spring,False,1,0
2024-03-11,Monday,March,Spring,False,0,0
2024-03-12,Tuesday,March,Spring,False,0,0
2024-03-13,Wednesday,March,Spring,False,0,0
2024-03-14,Thursday,March,Spring,False,0,0
2024-03-15,Friday,March,Spring,False,0,0
2024-03-16,Saturday,March,Spring,False,1,0
2024-03-17,Sunday,March,Spring,False,1,0
2024-03-18,Monday,March,Spring,False,0,0
2024-03-19,Tuesday,March,Spring,False,0,0
2024-03-20,Wednesday,March,Spring,False,0,0
2024-03-21,Thursday,March,Spring,False,0,0
2024-03-22,Friday,March,Spring,False,0,0
2024-03-23,Saturday,March,Spring,False,1,0
2024-03-24,Sunday,March,Spring,False,1,0
2024-03-25,Monday,March,Spring,False,0,0
2024-03-26,Tuesday,March,Spring,True,0,1
2024-03-27,Wednesday,March,Spring,False,0,0
2024-03-28,Thursday,March,Spring,False,0,0
2024-03-29,Friday,March,Spring,False,0,0
2024-03-30,Saturday,March,Spring,False,1,0
2024-03-31,Sunday,March,Spring,False,1,0
